/peace /peace-path.html 301
/peace/ /peace-path.html 301

/peace /peace/peace-path.html 301
/peace/ /peace/peace-path.html 301


# --- consolidated content (keep old URLs working) ---
/brand-reds.html /content/brand/brand-reds.html 301
/brand-reds-font.html /content/brand/brand-reds-font.html 301
/brand-reds-size.html /content/brand/brand-reds-size.html 301

/dmv-id-start.html /content/dmv/dmv-id-start.html 301
/dmv-id-eligibility-documents.html /content/dmv/dmv-id-eligibility-documents.html 301
/dmv-id-application-steps.html /content/dmv/dmv-id-application-steps.html 301
/dmv-id-delivery-and-issues.html /content/dmv/dmv-id-delivery-and-issues.html 301

/insurance.html /content/insurance/insurance.html 301
/insurance-claims.html /content/insurance/insurance-claims.html 301

/all-pages.html /content/misc/all-pages.html 301
/amicable.html /content/misc/amicable.html 301
/forms.html /content/misc/forms.html 301
/notes.html /content/misc/notes.html 301
/trees.html /content/misc/trees.html 301
/high-conflict-risk-awareness.html /content/misc/high-conflict-risk-awareness.html 301
